[
  {
    "name": "bootstrap",
    "version": "4.0.0-alpha.5",
    "author": "The Bootstrap Authors (https://github.com/twbs/bootstrap/graphs/contributors)",
    "repository": "https://github.com/twbs/bootstrap.git",
    "source": "https://registry.npmjs.org/bootstrap/-/bootstrap-4.0.0-alpha.5.tgz",
    "license": "MIT",
    "licenseText": "The MIT License (MIT)\n\nCopyright (c) 2011-2016 Twitter, Inc.\nCopyright (c) 2011-2016 The Bootstrap Authors\n\nPermission is hereby granted, free of charge, to any person obtaining a copy\nof this software and associated documentation files (the \"Software\"), to deal\nin the Software without restriction, including without limitation the rights\nto use, copy, modify, merge, publish, distribute, sublicense, and/or sell\ncopies of the Software, and to permit persons to whom the Software is\nfurnished to do so, subject to the following conditions:\n\nThe above copyright notice and this permission notice shall be included in\nall copies or substantial portions of the Software.\n\nTHE SOFTWARE IS PROVIDED \"AS IS\", WITHOUT WARRANTY OF ANY KIND, EXPRESS OR\nIMPLIED, INCLUDING BUT NOT LIMITED TO THE WARRANTIES OF MERCHANTABILITY,\nFITNESS FOR A PARTICULAR PURPOSE AND NONINFRINGEMENT. IN NO EVENT SHALL THE\nAUTHORS OR COPYRIGHT HOLDERS BE LIABLE FOR ANY CLAIM, DAMAGES OR OTHER\nLIABILITY, WHETHER IN AN ACTION OF CONTRACT, TORT OR OTHERWISE, ARISING FROM,\nOUT OF OR IN CONNECTION WITH THE SOFTWARE OR THE USE OR OTHER DEALINGS IN\nTHE SOFTWARE.\n"
  },
  {
    "name": "bootstrap-touchspin",
    "version": "3.1.1",
    "author": "István Ujj-Mészáros (https://github.com/istvan-ujjmeszaros)",
    "repository": "http://github.com/istvan-ujjmeszaros/bootstrap-touchspin.git",
    "source": "https://registry.npmjs.org/bootstrap-touchspin/-/bootstrap-touchspin-3.1.1.tgz",
    "license": "Apache-2.0",
    "licenseText": "Bootstrap TouchSpin\nv3.1.1\n\nA mobile and touch friendly input spinner component for Bootstrap 3.\n\n    https://github.com/istvan-meszaros/bootstrap-touchspin\n    http://www.virtuosoft.eu/code/bootstrap-touchspin/\n\nCopyright 2013-2015 István Ujj-Mészáros\n\nLicensed under the Apache License, Version 2.0 (the \"License\");\nyou may not use this file except in compliance with the License.\nYou may obtain a copy of the License at\n\n    http://www.apache.org/licenses/LICENSE-2.0\n\nUnless required by applicable law or agreed to in writing, software\ndistributed under the License is distributed on an \"AS IS\" BASIS,\nWITHOUT WARRANTIES OR CONDITIONS OF ANY KIND, either express or implied.\nSee the License for the specific language governing permissions and\nlimitations under the License.\n"
  },
  {
    "name": "events",
    "version": "3.3.0",
    "author": "Irakli Gozalishvili <rfobic@gmail.com> (http://jeditoolkit.com)",
    "repository": "git://github.com/Gozala/events.git",
    "source": "https://registry.npmjs.org/events/-/events-3.3.0.tgz",
    "license": "MIT",
    "licenseText": "MIT\n\nCopyright Joyent, Inc. and other Node contributors.\n\nPermission is hereby granted, free of charge, to any person obtaining a\ncopy of this software and associated documentation files (the\n\"Software\"), to deal in the Software without restriction, including\nwithout limitation the rights to use, copy, modify, merge, publish,\ndistribute, sublicense, and/or sell copies of the Software, and to permit\npersons to whom the Software is furnished to do so, subject to the\nfollowing conditions:\n\nThe above copyright notice and this permission notice shall be included\nin all copies or substantial portions of the Software.\n\nTHE SOFTWARE IS PROVIDED \"AS IS\", WITHOUT WARRANTY OF ANY KIND, EXPRESS\nOR IMPLIED, INCLUDING BUT NOT LIMITED TO THE WARRANTIES OF\nMERCHANTABILITY, FITNESS FOR A PARTICULAR PURPOSE AND NONINFRINGEMENT. IN\nNO EVENT SHALL THE AUTHORS OR COPYRIGHT HOLDERS BE LIABLE FOR ANY CLAIM,\nDAMAGES OR OTHER LIABILITY, WHETHER IN AN ACTION OF CONTRACT, TORT OR\nOTHERWISE, ARISING FROM, OUT OF OR IN CONNECTION WITH THE SOFTWARE OR THE\nUSE OR OTHER DEALINGS IN THE SOFTWARE.\n"
  },
  {
    "name": "expose-loader",
    "version": "5.0.0",
    "author": "Tobias Koppers @sokra",
    "repository": "webpack-contrib/expose-loader",
    "source": "https://registry.npmjs.org/expose-loader/-/expose-loader-5.0.0.tgz",
    "license": "MIT",
    "licenseText": "Copyright JS Foundation and other contributors\n\nPermission is hereby granted, free of charge, to any person obtaining\na copy of this software and associated documentation files (the\n'Software'), to deal in the Software without restriction, including\nwithout limitation the rights to use, copy, modify, merge, publish,\ndistribute, sublicense, and/or sell copies of the Software, and to\npermit persons to whom the Software is furnished to do so, subject to\nthe following conditions:\n\nThe above copyright notice and this permission notice shall be\nincluded in all copies or substantial portions of the Software.\n\nTHE SOFTWARE IS PROVIDED 'AS IS', WITHOUT WARRANTY OF ANY KIND,\nEXPRESS OR IMPLIED, INCLUDING BUT NOT LIMITED TO THE WARRANTIES OF\nMERCHANTABILITY, FITNESS FOR A PARTICULAR PURPOSE AND NONINFRINGEMENT.\nIN NO EVENT SHALL THE AUTHORS OR COPYRIGHT HOLDERS BE LIABLE FOR ANY\nCLAIM, DAMAGES OR OTHER LIABILITY, WHETHER IN AN ACTION OF CONTRACT,\nTORT OR OTHERWISE, ARISING FROM, OUT OF OR IN CONNECTION WITH THE\nSOFTWARE OR THE USE OR OTHER DEALINGS IN THE SOFTWARE.\n"
  },
  {
    "name": "flexibility",
    "version": "2.0.1",
    "author": "Jonathan Neal <jonathantneal@hotmail.com> (http://jonathantneal.com)",
    "repository": "jonathantneal/flexibility",
    "source": "https://registry.npmjs.org/flexibility/-/flexibility-2.0.1.tgz",
    "license": "MIT",
    "licenseText": "# The MIT License (MIT)\n\nCopyright © 2015 Jonathan Neal, 10up\n\nPermission is hereby granted, free of charge, to any person obtaining a copy of this software and associated documentation files (the “Software”), to deal in the Software without restriction, including without limitation the rights to use, copy, modify, merge, publish, distribute, sublicense, and/or sell copies of the Software, and to permit persons to whom the Software is furnished to do so, subject to the following conditions:\n\nThe above copyright notice and this permission notice shall be included in all copies or substantial portions of the Software.\n\nTHE SOFTWARE IS PROVIDED “AS IS”, WITHOUT WARRANTY OF ANY KIND, EXPRESS OR IMPLIED, INCLUDING BUT NOT LIMITED TO THE WARRANTIES OF MERCHANTABILITY, FITNESS FOR A PARTICULAR PURPOSE AND NONINFRINGEMENT. IN NO EVENT SHALL THE AUTHORS OR COPYRIGHT HOLDERS BE LIABLE FOR ANY CLAIM, DAMAGES OR OTHER LIABILITY, WHETHER IN AN ACTION OF CONTRACT, TORT OR OTHERWISE, ARISING FROM, OUT OF OR IN CONNECTION WITH THE SOFTWARE OR THE USE OR OTHER DEALINGS IN THE SOFTWARE.\n"
  },
  {
    "name": "jquery-touchswipe",
    "version": "1.6.19",
    "author": "Matt Bryson",
    "repository": "https://github.com/mattbryson/TouchSwipe-Jquery-Plugin.git",
    "source": "https://registry.npmjs.org/jquery-touchswipe/-/jquery-touchswipe-1.6.19.tgz",
    "license": "MIT",
    "licenseText": "Copyright (c) 2010-2015 Matt Bryson\n\nDual licensed under the MIT or GPL Version 2 licenses.\n\nPermission is hereby granted, free of charge, to any person\nobtaining a copy of this software and associated documentation\nfiles (the \"Software\"), to deal in the Software without\nrestriction, including without limitation the rights to use,\ncopy, modify, merge, publish, distribute, sublicense, and/or sell\ncopies of the Software, and to permit persons to whom the\nSoftware is furnished to do so, subject to the following\nconditions:\n\nThe above copyright notice and this permission notice shall be\nincluded in all copies or substantial portions of the Software.\n\nTHE SOFTWARE IS PROVIDED \"AS IS\", WITHOUT WARRANTY OF ANY KIND,\nEXPRESS OR IMPLIED, INCLUDING BUT NOT LIMITED TO THE WARRANTIES\nOF MERCHANTABILITY, FITNESS FOR A PARTICULAR PURPOSE AND\nNONINFRINGEMENT. IN NO EVENT SHALL THE AUTHORS OR COPYRIGHT\nHOLDERS BE LIABLE FOR ANY CLAIM, DAMAGES OR OTHER LIABILITY,\nWHETHER IN AN ACTION OF CONTRACT, TORT OR OTHERWISE, ARISING\nFROM, OUT OF OR IN CONNECTION WITH THE SOFTWARE OR THE USE OR\nOTHER DEALINGS IN THE SOFTWARE.\n"
  },
  {
    "name": "sprintf-js",
    "version": "1.1.3",
    "author": "Alexandru Mărășteanu <hello@alexei.ro>",
    "repository": "https://github.com/alexei/sprintf.js.git",
    "source": "https://registry.npmjs.org/sprintf-js/-/sprintf-js-1.1.3.tgz",
    "license": "BSD-3-Clause",
    "licenseText": "Copyright (c) 2007-present, Alexandru Mărășteanu <hello@alexei.ro>\nAll rights reserved.\n\nRedistribution and use in source and binary forms, with or without\nmodification, are permitted provided that the following conditions are met:\n* Redistributions of source code must retain the above copyright\n  notice, this list of conditions and the following disclaimer.\n* Redistributions in binary form must reproduce the above copyright\n  notice, this list of conditions and the following disclaimer in the\n  documentation and/or other materials provided with the distribution.\n* Neither the name of this software nor the names of its contributors may be\n  used to endorse or promote products derived from this software without\n  specific prior written permission.\n\nTHIS SOFTWARE IS PROVIDED BY THE COPYRIGHT HOLDERS AND CONTRIBUTORS \"AS IS\" AND\nANY EXPRESS OR IMPLIED WARRANTIES, INCLUDING, BUT NOT LIMITED TO, THE IMPLIED\nWARRANTIES OF MERCHANTABILITY AND FITNESS FOR A PARTICULAR PURPOSE ARE\nDISCLAIMED. IN NO EVENT SHALL THE AUTHORS OR COPYRIGHT HOLDERS BE LIABLE FOR\nANY DIRECT, INDIRECT, INCIDENTAL, SPECIAL, EXEMPLARY, OR CONSEQUENTIAL DAMAGES\n(INCLUDING, BUT NOT LIMITED TO, PROCUREMENT OF SUBSTITUTE GOODS OR SERVICES;\nLOSS OF USE, DATA, OR PROFITS; OR BUSINESS INTERRUPTION) HOWEVER CAUSED AND\nON ANY THEORY OF LIABILITY, WHETHER IN CONTRACT, STRICT LIABILITY, OR TORT\n(INCLUDING NEGLIGENCE OR OTHERWISE) ARISING IN ANY WAY OUT OF THE USE OF THIS\nSOFTWARE, EVEN IF ADVISED OF THE POSSIBILITY OF SUCH DAMAGE.\n"
  },
  {
    "name": "tether",
    "version": "2.0.0",
    "repository": "https://github.com/shipshapecode/tether.git",
    "source": "https://registry.npmjs.org/tether/-/tether-2.0.0.tgz",
    "license": "MIT",
    "licenseText": "Copyright (c) 2014-2019 HubSpot, Inc.\nCopyright (c) 2019-2020 Ship Shape Consulting LLC\n\nPermission is hereby granted, free of charge, to any person obtaining a copy of this software and associated documentation files (the \"Software\"), to deal in the Software without restriction, including without limitation the rights to use, copy, modify, merge, publish, distribute, sublicense, and/or sell copies of the Software, and to permit persons to whom the Software is furnished to do so, subject to the following conditions:\n\nThe above copyright notice and this permission notice shall be included in all copies or substantial portions of the Software.\n\nTHE SOFTWARE IS PROVIDED \"AS IS\", WITHOUT WARRANTY OF ANY KIND, EXPRESS OR IMPLIED, INCLUDING BUT NOT LIMITED TO THE WARRANTIES OF MERCHANTABILITY, FITNESS FOR A PARTICULAR PURPOSE AND NONINFRINGEMENT. IN NO EVENT SHALL THE AUTHORS OR COPYRIGHT HOLDERS BE LIABLE FOR ANY CLAIM, DAMAGES OR OTHER LIABILITY, WHETHER IN AN ACTION OF CONTRACT, TORT OR OTHERWISE, ARISING FROM, OUT OF OR IN CONNECTION WITH THE SOFTWARE OR THE USE OR OTHER DEALINGS IN THE SOFTWARE.\n\n"
  },
  {
    "name": "velocity-animate",
    "version": "1.5.2",
    "repository": "julianshapiro/velocity",
    "source": "https://registry.npmjs.org/velocity-animate/-/velocity-animate-1.5.2.tgz",
    "license": "MIT",
    "licenseText": "The MIT License\n\nCopyright (c) 2014 Julian Shapiro\n\nPermission is hereby granted, free of charge, to any person obtaining a copy\nof this software and associated documentation files (the \"Software\"), to deal\nin the Software without restriction, including without limitation the rights\nto use, copy, modify, merge, publish, distribute, sublicense, and/or sell\ncopies of the Software, and to permit persons to whom the Software is\nfurnished to do so, subject to the following conditions:\n\nThe above copyright notice and this permission notice shall be included in all\ncopies or substantial portions of the Software.\n\nTHE SOFTWARE IS PROVIDED \"AS IS\", WITHOUT WARRANTY OF ANY KIND, EXPRESS OR\nIMPLIED, INCLUDING BUT NOT LIMITED TO THE WARRANTIES OF MERCHANTABILITY,\nFITNESS FOR A PARTICULAR PURPOSE AND NONINFRINGEMENT. IN NO EVENT SHALL THE\nAUTHORS OR COPYRIGHT HOLDERS BE LIABLE FOR ANY CLAIM, DAMAGES OR OTHER\nLIABILITY, WHETHER IN AN ACTION OF CONTRACT, TORT OR OTHERWISE, ARISING FROM,\nOUT OF OR IN CONNECTION WITH THE SOFTWARE OR THE USE OR OTHER DEALINGS IN THE\nSOFTWARE.\n"
  }
]